variable,log_invest,log_value,log_capital
log_invest,1,0.8537033249767064,0.7184388167603895
log_value,0.8537033249767064,1,0.46292111150325993
log_capital,0.7184388167603895,0.46292111150325993,1
