variable,n,mean,sd,min,max
Investment,200,145.95825,216.8752962303742,0.93,1486.7
Market value,200,1081.6811,1314.4696949869117,58.12,6241.7
Capital stock,200,276.01715,301.1039071247773,0.8,2226.3
Log investment,200,4.1192128391034695,1.4453356302225913,-0.07257069283483537,7.304314177619305
Log market value,200,6.279771036823557,1.2397271225400928,4.062509838702082,8.739007860156988
Log capital stock,200,4.882324491421999,1.5625861532344254,-0.2231435513142097,7.708096293644197
